{
  "project_info": {
    "project_number": "752082122466",
    "project_id": "messaging-sample-b2fbc",
    "storage_bucket": "messaging-sample-b2fbc.appspot.com"
  },
  "client": [
    {
      "client_info": {
        "mobilesdk_app_id": "1:752082122466:android:8cc2cb47a1d0a8a1c750bb",
        "android_client_info": {
          "package_name": "com.example.zendesk_sdk_push_demo"
        }
      },
      "oauth_client": [],
      "api_key": [
        {
          "current_key": "AIzaSyBxkFr89wXWG9aBFHr0QP9m-luY6S-24S8"
        }
      ],
      "services": {
        "appinvite_service": {
          "other_platform_oauth_client": []
        }
      }
    }
  ],
  "configuration_version": "1"
}